{
  "fermentation_kinetics": {
    "growth_rates": [
      [
        0.5,
        0.1
      ],
      [
        1.0,
        0.16666666666666666
      ],
      [
        2.0,
        0.25
      ],
      [
        5.0,
        0.35714285714285715
      ],
      [
        10.0,
        0.4166666666666667
      ]
    ]
  },
  "computational_mapping": {},
  "tesla_optimization": {
    "average_harmony": 0.7
  },
  "emergence_metrics": {
    "entropy": {
      "luca": 2.3183162280996097,
      "kubernetes": 1.9393538721672008
    },
    "fairness": {
      "luca": 0.9997000899730081,
      "kubernetes": 0.965661091583298
    },
    "synergy": {
      "luca": 1.2272727272727273,
      "traditional": 0.9272727272727272
    },
    "self_organization": {
      "luca": 0.99975,
      "kubernetes": 0.9309123867069486
    }
  },
  "benchmark_analysis": {
    "throughput": {
      "luca": 12772.736353676468,
      "ray": 9334.38804884009,
      "kubernetes": 8891.172677125762,
      "improvement_vs_ray": 36.83528354345236,
      "statistical_significance": true,
      "t_statistic": 356.35782055849023,
      "p_value": 0.0020000000000000018
    },
    "efficiency": {
      "luca": 58.8,
      "kubernetes": 40.0,
      "ray": 43.2,
      "improvement": 46.99999999999999
    }
  }
}